outlet_no,business_type,city,state,zip,store_location,avg_age,blue_collar,white_collar,female,male,total_household_size ,total_household_income,actual_credit_score,latitude,longitude,employee_size,total_sales
247,1,LIMA,OH,45804,TRAVEL/TRANSPORTATION/HOSPITALITY,44.01,43.68,35.41,53.37,46.63,2.24,63860000,80,40.704283,-84.147047,70,4070
253,4,VACAVILLE,CA,95687,AT-WORK,38.36,41.31,26.48,54,46,2.54,92764000,91,38.35486,-121.95036,35,4323
265,4,CINCINNATI,OH,45219,EDUCATIONAL,28.81,17.22,43.06,45.56,54.44,1.9,51027000,97,39.1361,-84.504288,13,2163
267,1,GLASGOW,KY,42141,AT-WORK,42.89,38.49,44,52.41,47.59,2.24,47119000,86,37.010838,-85.903418,3,528
276,1,BOWLING GREEN,KY,42101,EATING & DRINKING,38.82,60.82,26.24,54.18,45.82,1.93,47941000,78,36.964703,-86.436535,3,528
278,1,LANCASTER,OH,43130,AT-WORK,45.63,47.99,34.98,57.58,42.42,1.92,31183000,93,39.717362,-82.577969,3,499
285,1,HOUSTON,TX,77057,THIRD PARTY (NON-CONSUMER),33.96,22.42,44.74,50.76,49.24,1.58,74121000,85,29.749384,-95.483379,5,913
286,1,SPRINGFIELD,IL,62707,THIRD PARTY (NON-CONSUMER),41.98,51.17,33.53,49.04,50.96,2.57,62683000,88,39.839912,-89.560186,300,23943
293,1,RAPID CITY,SD,57702,AT-WORK,36.24,28.8,40.57,51.25,48.75,2.45,69174000,94,44.07905,-103.21564,3,474
294,1,FORT WORTH,TX,76119,AT-WORK,36.09,64.73,28.76,52.1,47.9,2.83,32741000,88,32.712976,-97.262614,5,913
307,1,LANCASTER,OH,43130,AT-WORK,47.46,27.82,41.9,53.27,46.73,2.26,81047000,100,39.723759,-82.582543,10,1189
310,1,LAREDO,TX,78041,AT-WORK,38.54,22.97,54.5,51.46,48.54,3.11,125861000,96,27.565351,-99.472443,40,3378
311,1,NEW YORK,NY,10032,EDUCATIONAL,36.39,43.84,36.12,48,52,2.95,39925000,93,40.84213,-73.942259,3,544
312,1,CHARLESTON,SC,29403,AT-WORK,29.15,35.95,38.65,53.9,46.1,1.91,44045000,100,32.78429,-79.950384,26,4961
320,1,PITTSBURGH,PA,15213,EDUCATIONAL,26.4,52.44,23.17,58.47,41.53,2.82,38365000,76,40.441947,-79.960521,11,1566
325,1,WEST VALLEY CITY,UT,84120,AT-WORK,28.59,67.24,25.41,48.94,51.06,3.9,44573000,85,40.698599,-111.987445,75,4730
331,1,CAYCE,SC,29033,AT-WORK,42.75,33.85,55.56,52.4,47.6,1.91,76751000,95,33.980842,-81.065783,9,1717
338,1,HOT SPRINGS NATIO,AR,71913,OTHER SHOPPING & SERVICES,48.79,37.43,43.78,54.32,45.68,1.68,36784000,80,34.468179,-93.069273,3,493
349,1,CANTON,MS,39046,AT-WORK,34.05,19.97,49.47,49.49,50.51,2.8,119028000,93,32.587514,-90.080998,11,1979
352,1,FORT WAYNE,IN,46805,OTHER SHOPPING & SERVICES,48.09,70.34,29.67,61.73,38.27,1.89,28942000,90,41.09347,-85.107984,7,1231
355,1,DU BOIS,PA,15801,TRAVEL/TRANSPORTATION/HOSPITALITY,36.5,61,34.44,52.91,47.09,2.05,28961000,91,41.11804,-78.76167,10,594
381,1,PITTSBURGH,PA,15212,THIRD PARTY (NON-CONSUMER),39.41,40.81,38.2,51.34,48.66,2.06,49317000,93,32.80841,-96.836798,3,548
384,1,CINCINNATI,OH,45219,AT-WORK,31.47,44.86,34.58,50.66,49.34,2.35,34902000,78,39.120163,-84.508879,12,2093
389,1,DAYTON,OH,45459,AT-WORK,40.95,34.29,46.5,53.49,46.51,2.04,63914000,75,39.652303,-84.114224,30,4052
393,1,MASON CITY,IA,50401,AT-WORK,36.59,38.79,52.09,48.67,51.33,2.32,56365000,90,43.149707,-93.260029,49,3517
397,1,WASHINGTON,PA,15301,AT-WORK,38.45,17.08,55.89,50.69,49.31,2.77,114541000,91,40.188005,-80.215344,35,3367
400,1,WASHINGTON,PA,15301,EATING & DRINKING,39.5,71.94,16.84,52.6,47.4,2.14,47306000,88,40.183887,-80.248125,500,71219
403,1,LAKE OSWEGO,OR,97035,AT-WORK,36.64,16.9,50.05,49.51,50.49,2.98,141521000,98,45.421319,-122.740398,20,3926
406,1,FORT WAYNE,IN,46845,AT-WORK,35.05,20.72,51.14,50,50,3.03,81782000,95,41.18841,-85.099327,3,527
410,1,HOT SPRINGS NATIO,AR,71913,AT-WORK,48.88,31.62,53.73,52.44,47.56,2.19,53158000,94,34.4634,-93.074197,3,493
415,1,FAYETTEVILLE,NC,28303,AT-WORK,40.73,28.27,45.13,55.75,44.25,2.16,74646000,85,35.011016,-78.963936,200,26397
424,1,SALT LAKE CITY,UT,84120,AT-WORK,28.59,67.24,25.41,48.94,51.06,3.9,44573000,81,40.69916,-111.990325,3,541
425,1,KNOXVILLE,TN,37920,AT-WORK,31.2,21.64,36.74,51.49,48.51,2.5,51977000,100,35.937271,-83.948577,10,1873
441,1,TURLOCK,CA,95380,AT-WORK,32.45,65.97,24.34,49.92,50.08,4.08,32825000,85,37.492252,-120.858578,93,7321
443,4,MCALLEN,TX,78501,AT-WORK,32.91,28.28,24.05,51.7,48.3,2.29,50768000,94,26.224895,-98.208254,11,2009
455,1,CENTERVILLE,OH,45459,THIRD PARTY (NON-CONSUMER),28.43,39.75,27.38,52.12,47.88,1.8,41321000,93,39.64358,-84.13904,200,11631
456,1,ROCHESTER,MN,55901,OTHER SHOPPING & SERVICES,47.5,38.51,45.07,62.21,37.79,1.82,45588000,100,44.064186,-92.493927,235,4640
469,1,OKLAHOMA CITY,OK,73162,THIRD PARTY (NON-CONSUMER),35.55,40.4,38.41,52.01,47.99,2.06,55962000,96,35.580553,-97.64786,14,811
477,1,GAUTIER,MS,39553,AT-WORK,34.84,61.88,17.2,52.59,47.41,2.61,52257000,88,30.414549,-88.651496,65,3961
479,1,DOYLESTOWN,PA,18901,AT-WORK,52.33,19.11,55.74,60.22,39.78,1.8,60042000,96,40.31974,-75.13397,201,4800
486,1,ATLANTA,GA,30329,THIRD PARTY (NON-CONSUMER),26.93,17.56,52.17,51.76,48.24,1.3,32375000,99,33.798466,-84.32584,1501,232757
494,1,MEADVILLE,PA,16335,THIRD PARTY (NON-CONSUMER),49.05,29.27,25.46,54.62,45.38,2.01,72934000,88,41.663548,-80.140866,390,10400
496,1,FORT MYERS,FL,33908,AT-WORK,77.34,0,100,63.55,36.45,1.47,72429000,95,26.518794,-81.997344,900,16960
497,1,ERIE,PA,16505,THIRD PARTY (NON-CONSUMER),40.85,19.76,69.38,50.83,49.17,2.3,61185000,95,42.089073,-80.173728,4,501
503,1,KNOXVILLE,TN,37920,THIRD PARTY (NON-CONSUMER),41.18,30.51,38.82,51.38,48.62,2.17,59289000,100,35.907021,-83.953506,10,1873
505,1,WASHINGTON,PA,15301,THIRD PARTY (NON-CONSUMER),39.5,71.94,16.84,52.6,47.4,2.14,47306000,94,40.179964,-80.246671,25,1485
506,1,BEAUMONT,TX,77706,THIRD PARTY (NON-CONSUMER),43.25,19.03,47,51.49,48.51,2.52,130777000,98,30.095915,-94.170921,40,7307
509,1,JACKSON,MS,39204,THIRD PARTY (NON-CONSUMER),36.67,41.27,45.53,54.7,45.3,3.01,64294000,95,32.283203,-90.253439,20,3598
516,1,MASON CITY,IA,50401,THIRD PARTY (NON-CONSUMER),42.46,53.61,22.86,50.59,49.41,2.22,47432000,100,43.13267,-93.218273,70,2368
518,1,CLARKSVILLE,AR,72830,AT-WORK,37.66,65.37,29.26,50.18,49.82,2.57,55669000,85,35.464349,-93.446082,3,493
519,1,BETHLEHEM,PA,18017,THIRD PARTY (NON-CONSUMER),62.34,31.17,44.72,61.98,38.02,1.33,29932000,81,40.642408,-75.408916,3,526
528,1,LAREDO,TX,78041,THIRD PARTY (NON-CONSUMER),36.21,22.97,59.52,51.06,48.94,2.65,99375000,96,27.564308,-99.500436,6,1096
530,1,HOUSTON,TX,77008,THIRD PARTY (NON-CONSUMER),42.73,38.31,43.33,50.55,49.45,1.77,78718000,91,29.811504,-95.430365,3,548
544,1,SAN ANTONIO,TX,78229,AT-WORK,31.54,26.47,42.81,52.77,47.23,1.57,40488000,94,29.511739,-98.586036,3,548
546,1,LAS VEGAS,NV,89128,THIRD PARTY (NON-CONSUMER),29.11,59.85,29.15,52.11,47.89,2.34,38053000,100,36.209855,-115.24698,62,11573
549,1,ATHENS,OH,45701,EATING & DRINKING,29.59,40.63,27.61,49.96,50.04,2.27,40115000,85,39.329449,-82.1175,50,2818
560,1,OKLAHOMA CITY,OK,73104,THIRD PARTY (NON-CONSUMER),37.51,35.09,30.83,50.47,49.53,1.87,40665000,91,35.482469,-97.497731,3,513
562,1,SAN ANTONIO,TX,78229,AT-WORK,31.54,26.47,42.81,52.77,47.23,1.57,40488000,92,29.51967,-98.575195,3,548
567,1,SAN ANTONIO,TX,78229,AT-WORK,36.7,16.51,45.24,49.39,50.61,1.79,51298000,86,29.506725,-98.570731,90,5745
574,1,CINCINNATI,OH,45219,THIRD PARTY (NON-CONSUMER),40.17,70.39,37.6,51.66,48.34,1.89,18692000,76,39.132163,-84.499551,11,1486
576,1,LANCASTER,OH,43130,AT-WORK,46.21,42.15,38.12,53.58,46.42,2.48,100289000,88,39.727573,-82.655435,240,6400
577,1,SAN LUIS OBISPO,CA,93405,AT-WORK,31.97,36.26,39.91,37.1,62.9,2.46,58826000,78,35.321395,-120.696271,14,2560
583,1,SEATTLE,WA,98166,AT-WORK,35.28,32.84,64.19,51.52,48.48,2.24,50965000,93,47.457414,-122.343206,3,583
590,1,SAN ANTONIO,TX,78229,AT-WORK,45.98,22.41,45.44,46.41,53.59,1.56,45403000,88,29.50737,-98.577917,5001,321475
592,1,MCALLEN,TX,78501,THIRD PARTY (NON-CONSUMER),38.8,63.64,34.55,55.12,44.88,3.14,29177000,95,26.207556,-98.214256,112,6929
593,1,BRADENTON,FL,34209,EATING & DRINKING,70.42,31.8,55.09,63.06,36.94,1.5,55164000,89,27.481855,-82.625374,15,1073
597,1,TINLEY PARK,IL,60477,THIRD PARTY (NON-CONSUMER),40.77,41.36,32.77,53.9,46.1,2.4,85244000,80,41.579994,-87.816089,7,1026
599,1,HUNTLEY,IL,60142,AT-WORK,29.53,27.56,54.45,50.18,49.82,3.4,104249000,86,42.16262,-88.395725,3,556
608,1,SYRACUSE,NY,13205,AT-WORK,61.28,30.31,41.5,55.39,44.61,1.21,23686000,85,43.002972,-76.126504,20,1859
611,4,WHEELWRIGHT,KY,41612,AT-WORK,39.2,55.38,17.74,62.54,37.46,2.32,28668000,85,37.354092,-82.71569,3,528
613,1,TOWSON,MD,21286,AT-WORK,50.03,21.67,43.55,55.75,44.25,1.49,74502000,99,39.401226,-76.596436,300,4800
619,1,YONKERS,NY,10701,THIRD PARTY (NON-CONSUMER),46.7,28.55,51.59,54.79,45.21,2.47,123651000,93,40.96822,-73.88499,3,544
624,1,ARDEN HILLS,MN,55112,OTHER SHOPPING & SERVICES,37.61,19.34,34.17,50.17,49.83,2.45,123214000,99,45.059653,-93.151238,100,16483
625,1,MEADVILLE,PA,16335,THIRD PARTY (NON-CONSUMER),39.71,42.45,34.03,51.95,48.05,2.26,52369000,76,41.62211,-80.20913,11,1566
627,1,FORT WAYNE,IN,46845,AT-WORK,35.05,20.72,51.14,50,50,3.03,81782000,81,41.185654,-85.098784,3,527
628,1,ATLANTA,GA,30329,AT-WORK,33.58,19.5,26.91,50.5,49.5,1.55,77880000,86,33.828041,-84.341078,6,841
630,1,SAN ANTONIO,TX,78201,EATING & DRINKING,38.05,59.44,40.56,53.92,46.08,2.52,40728000,81,29.484816,-98.543544,12,1779
631,1,MARION,IL,62959,THIRD PARTY (NON-CONSUMER),40.55,40.67,37.13,49.22,50.78,2.31,58764000,84,37.72305,-88.924988,4,478
633,1,LIVONIA,MI,48152,THIRD PARTY (NON-CONSUMER),43.04,36.75,39.78,50.77,49.23,2.53,47999000,78,42.43984,-83.334535,70,4397
635,1,COLORADO SPRINGS,CO,80920,THIRD PARTY (NON-CONSUMER),36.04,32.63,53.41,51.63,48.37,2.16,62166000,85,38.954343,-104.787023,35,5272
645,1,CURWENSVILLE,PA,16833,EATING & DRINKING,42.59,58.04,39.51,55.03,44.97,2.35,35426000,81,40.975901,-78.52542,8,1403
652,1,SAINT CHARLES,MO,63303,THIRD PARTY (NON-CONSUMER),38.02,31.01,44.57,50.94,49.06,2.4,83186000,82,38.756386,-90.546876,16,2148
657,1,PETERSBURG,WV,26847,AT-WORK,42.24,47.39,30.06,51.16,48.84,2.32,44764000,100,39.016813,-79.138253,361,47252
658,1,SCOTTSDALE,AZ,85258,AT-WORK,50.92,16.16,46.55,60.24,39.76,1.45,65104000,92,33.581513,-111.883399,15,2420
662,1,SILVER SPRING,MD,20906,TRAVEL/TRANSPORTATION/HOSPITALITY,80.12,0,61.54,70.92,29.08,1.24,61627000,94,39.103133,-77.074106,190,12906
664,1,PORTLAND,OR,97213,EATING & DRINKING,38.74,35.85,46.58,51.11,48.89,2.03,55966000,88,45.527524,-122.613644,100,15939
670,1,BIRMINGHAM,AL,35249,THIRD PARTY (NON-CONSUMER),25.88,31.05,31.5,54.48,45.52,1.74,29786000,100,33.505894,-86.803099,400,57725
671,1,SCOTTSDALE,AZ,85258,EATING & DRINKING,50.92,16.16,46.55,60.24,39.76,1.45,65104000,85,33.572766,-111.885337,6,414
675,1,CEDARVILLE,CA,96104,AT-WORK,45.64,43.61,38.01,50.8,49.2,2.15,47173000,88,41.526791,-120.171915,80,14630
684,1,CLERMONT,FL,34711,ENTERTAINMENT/RECREATION/LEISURE,37.99,29.49,47.29,52.04,47.96,2.71,72256000,86,28.552738,-81.72035,8,1690
685,1,FORT WAYNE,IN,46805,EATING & DRINKING,48.09,70.34,29.67,61.73,38.27,1.89,28942000,87,41.090265,-85.095455,12,1043
688,1,DU BOIS,PA,15801,AT-WORK,46.23,39.44,39.28,56.51,43.49,2.22,85350000,86,41.112867,-78.746251,200,5440
697,1,ASHEVILLE,NC,28801,AT-WORK,33.98,47.33,18.42,54.33,45.67,2.25,41287000,94,35.58241,-82.552443,3,501
700,1,WASHINGTON,PA,15301,AT-WORK,45.19,33.02,43.72,53.47,46.53,2.12,63001000,91,40.181044,-80.26296,18,1562
710,1,SILVER SPRING,MD,20904,THIRD PARTY (NON-CONSUMER),40.41,53.55,18.35,49.86,50.14,3.43,139005000,94,39.05904,-76.997334,10,1746
723,1,SAN ANTONIO,TX,78229,EDUCATIONAL,45.98,22.41,45.44,46.41,53.59,1.56,45403000,94,29.504795,-98.576704,3,548
727,4,SHREVEPORT,LA,71103,AT-WORK,34.62,52.34,33.18,54.52,45.48,2.67,29574000,80,32.484906,-93.779435,30,4217
732,1,VACAVILLE,CA,95687,THIRD PARTY (NON-CONSUMER),44.17,41.8,47.75,56.84,43.16,1.97,67959000,78,38.368614,-121.957334,3,675
733,1,MEADVILLE,PA,16335,THIRD PARTY (NON-CONSUMER),31.39,18.17,35.7,53.57,46.43,2.3,79501000,81,41.651377,-80.146754,3,526
737,1,DRAPER,UT,84020,AT-WORK,35.06,31.48,58.21,51.77,48.23,3.52,86865000,98,40.520786,-111.865526,100,3200
739,4,WAVERLY,OH,45690,AT-WORK,37.64,72.73,25.41,50.56,49.44,2.38,45998000,98,39.11786,-82.99786,50,8320
742,1,LAS VEGAS,NV,89128,THIRD PARTY (NON-CONSUMER),34.06,46.79,46.32,48.82,51.18,3.37,69098000,100,36.159705,-115.249675,250,46667
755,1,CENTERVILLE,OH,45449,AT-WORK,44.67,24.87,51.78,50.7,49.3,2.28,60586000,83,39.633854,-84.206672,6,799
761,1,CANANDAIGUA,NY,14424,AT-WORK,43.99,21.94,50.98,51.83,48.17,2.25,87956000,90,42.90085,-77.27062,3,544
762,1,MOUNT PLEASANT,MI,48858,THIRD PARTY (NON-CONSUMER),34.54,42.56,25.51,56.21,43.79,1.86,30472000,88,43.591705,-84.754591,130,8166
766,1,ROCHESTER,NY,14612,THIRD PARTY (NON-CONSUMER),40.59,36.45,27.86,49.93,50.07,2.2,74317000,98,43.265606,-77.662235,185,26545
771,1,HOUSTON,TX,77057,THIRD PARTY (NON-CONSUMER),27.5,65.04,24.97,45.48,54.52,2.34,33643000,90,29.714237,-95.454491,3,548
772,1,MARIETTA,OH,45750,AT-WORK,45.55,38.06,40.43,51.37,48.63,2.24,53727000,93,39.416919,-81.46721,151,8781
778,4,SHREVEPORT,LA,71103,AT-WORK,34.62,52.34,33.18,54.52,45.48,2.67,29574000,85,32.485752,-93.776391,30,4217
786,4,LAREDO,TX,78041,AT-WORK,33.73,46.52,58.14,55.5,44.5,2.83,50020000,98,27.506652,-99.488605,25,4566
787,1,SHREVEPORT,LA,71103,AT-WORK,43.14,68.65,22.28,52.42,47.58,2.04,22662000,80,32.495444,-93.768421,102,6172
793,1,DAYTON,OH,45459,THIRD PARTY (NON-CONSUMER),43.91,24.15,61.07,52.31,47.69,2.18,92378000,96,39.649807,-84.156619,4,475
797,1,MANKATO,MN,56001,AT-WORK,52.75,58.16,27.38,59.27,40.73,1.69,56890000,96,44.170412,-93.961084,30,3908
809,4,HARLINGEN,TX,78550,AT-WORK,35.83,23.43,52.14,55.68,44.32,2.59,52917000,100,26.158701,-97.674358,20,3653
814,1,MCALLEN,TX,78501,AT-WORK,41.46,69.72,24.3,54.52,45.48,2.49,25242000,85,26.209452,-98.219195,50,3191
816,4,SHREVEPORT,LA,71103,AT-WORK,36.57,58.38,28.28,52.81,47.19,2.73,28109000,90,32.482131,-93.758078,30,4524
818,1,MASON CITY,IA,50401,EATING & DRINKING,42,59.38,33.82,51.49,48.51,1.93,49268000,82,43.147697,-93.221626,4,415
832,1,BETHLEHEM,PA,18017,AT-WORK,40.96,14.56,43.97,49.9,50.1,2.69,161784000,91,40.67428,-75.364183,3,526
837,4,BETHLEHEM,PA,18017,THIRD PARTY (NON-CONSUMER),45.38,20.09,47.72,50.72,49.28,2.56,101136000,80,40.65933,-75.416184,3,551
841,1,BETHLEHEM,PA,18017,AT-WORK,62.34,31.17,44.72,61.98,38.02,1.33,29932000,78,40.644637,-75.407893,10000,1424392
845,1,GLASGOW,KY,42141,OTHER SHOPPING & SERVICES,39.31,45.43,37.7,46.84,53.16,2.14,54113000,78,37.005769,-85.924649,3,528
254,1,RAPID CITY,SD,57702,AT-WORK,46.15,47.21,30.08,53.07,46.93,2.21,64589000,93,44.07516,-103.251946,3,474
257,1,RAPID CITY,SD,57702,AT-WORK,37.34,42.41,34.52,50.06,49.94,1.99,45196000,86,44.080454,-103.2617,6,519
263,1,GLASGOW,KY,42141,AT-WORK,42.89,38.49,44,52.41,47.59,2.24,47119000,95,37.013484,-85.905456,20,3525
270,1,GLASGOW,KY,42141,AT-WORK,49.47,31.96,38.56,58.01,41.99,1.95,50159000,91,37.010167,-85.897964,3,528
277,4,GLASGOW,KY,42141,AT-WORK,49.47,31.96,38.56,58.01,41.99,1.95,50159000,97,37.010549,-85.902499,27,2046
281,1,WEST VALLEY CITY,UT,84120,AT-WORK,28.02,43.1,37.15,48.55,51.45,3.26,71757000,100,40.715001,-111.987715,500,72500
283,1,TOWSON,MD,21286,THIRD PARTY (NON-CONSUMER),40.36,10.47,46.33,52.25,47.75,2.68,142706000,88,39.384036,-76.60369,65,4555
287,1,HOT SPRINGS NATIO,AR,71913,THIRD PARTY (NON-CONSUMER),48.79,37.43,43.78,54.32,45.68,1.68,36784000,83,34.466106,-93.067913,85,11358
288,1,MEADVILLE,PA,16335,THIRD PARTY (NON-CONSUMER),46.41,37.24,43.92,52.66,47.34,2.09,66527000,85,41.620985,-80.171449,47,3546
290,1,HATCH,NM,87937,AT-WORK,32.57,66.01,24.5,48.89,51.11,3.26,43780000,100,32.666463,-107.151535,50,7838
300,1,MOBILE,AL,36607,AT-WORK,37.57,43.48,37.08,53.51,46.49,2.15,64958000,94,30.69152,-88.087234,3,533
319,1,LAKE OSWEGO,OR,97035,AT-WORK,38.14,20.3,54.52,51.63,48.37,2.35,84917000,88,45.401352,-122.742054,12,1912
324,4,DRAPER,UT,84020,AT-WORK,37.03,30.36,48.33,54.5,45.5,2.5,71660000,77,40.537026,-111.891455,11,1611
326,1,LIMA,OH,45804,AT-WORK,40.39,42.31,36.35,52.01,47.99,2.43,56145000,100,40.711175,-84.120015,10,1664
328,1,POULSBO,WA,98370,AT-WORK,51.03,14.11,45.36,57.64,42.36,1.85,69458000,97,47.737557,-122.64253,31,6034
333,1,KNOXVILLE,TN,37920,AT-WORK,46.88,25.62,48.57,56.64,43.36,2.35,87775000,95,35.888004,-83.943573,4,535
345,1,WEST VALLEY CITY,UT,84120,AT-WORK,28.02,43.1,37.15,48.55,51.45,3.26,71757000,85,40.713836,-112.001136,20,2853
356,1,GARDEN GROVE,CA,92843,THIRD PARTY (NON-CONSUMER),40.04,37.09,46.68,50.09,49.91,3.09,65068000,100,33.775109,-117.913168,550,100582
358,1,GIG HARBOR,WA,98335,AT-WORK,48.74,24.25,43.71,54.44,45.56,1.93,81717000,86,47.316806,-122.584731,6,1167
364,1,RAPID CITY,SD,57702,AT-WORK,42.25,43.08,39.53,52.73,47.27,2.45,63496000,96,44.06911,-103.265172,4,451
369,1,KNOXVILLE,TN,37920,AT-WORK,46.88,25.62,48.57,56.64,43.36,2.35,87775000,79,35.887756,-83.938965,6,470
378,1,ASHEVILLE,NC,28801,AT-WORK,37.75,46.81,23,57.8,42.2,2.55,31900000,100,35.57415,-82.555354,15,2505
382,1,OCONOMOWOC,WI,53066,EATING & DRINKING,35.55,29.79,42.47,48.16,51.84,2.96,127304000,88,43.073868,-88.46868,6,536
386,1,CINCINNATI,OH,45219,AT-WORK,40.17,70.39,37.6,51.66,48.34,1.89,18692000,86,39.13063,-84.49973,3,499
402,1,MOUNT MORRIS,IL,61054,AT-WORK,39.47,43.32,28.99,51.6,48.4,2.29,53455000,83,42.04362,-89.422517,6,1113
412,1,ORLANDO,FL,32806,AT-WORK,36.98,59.5,46.07,42,58,1.75,52749000,80,28.5311,-81.380135,3,419
416,1,DRAPER,UT,84020,AT-WORK,37.78,0,0,12.84,87.16,0,110149000,78,40.49098,-111.89305,3,541
417,1,NEW YORK,NY,10032,AT-WORK,31.42,34.67,38.21,54.58,45.42,2.21,64215000,81,40.84177,-73.94424,3,544
419,1,DAYTON,OH,45459,AT-WORK,28.43,39.75,27.38,52.12,47.88,1.8,41321000,93,39.648987,-84.133975,20,1431
429,1,OKLAHOMA CITY,OK,73162,THIRD PARTY (NON-CONSUMER),45.79,18.17,56.85,52.55,47.45,2.49,178569000,87,35.593427,-97.620993,10,1795
435,1,OCONOMOWOC,WI,53066,EATING & DRINKING,46.94,32.91,47.3,52.03,47.97,2.31,117734000,96,43.120852,-88.521698,15,1189
436,1,MCALLEN,TX,78501,THIRD PARTY (NON-CONSUMER),35.04,37.5,34.42,52.52,47.48,2.82,56236000,91,26.191116,-98.224808,3,548
437,1,ATLANTA,GA,30318,AT-WORK,30.81,22.35,38.97,48.22,51.78,1.8,87800000,86,33.804299,-84.414243,7,1373
440,1,OCONOMOWOC,WI,53066,EATING & DRINKING,46.94,32.91,47.3,52.03,47.97,2.31,117734000,86,43.07165,-88.472776,7,1200
444,1,LIVONIA,MI,48152,THIRD PARTY (NON-CONSUMER),51.74,22.69,37.51,55.87,44.13,1.87,75426000,100,42.434914,-83.424454,100,14206
461,1,PITTSBURGH,PA,15232,THIRD PARTY (NON-CONSUMER),42.66,13.43,23.47,51.93,48.07,1.66,73234000,100,40.44968,-79.930659,130,7970
466,1,DODGE CITY,KS,67801,THIRD PARTY (NON-CONSUMER),36.79,60.78,16.47,49.42,50.58,2.81,100563000,98,37.777092,-100.032934,22,1182
473,1,DILLSBURG,PA,17019,THIRD PARTY (NON-CONSUMER),38.61,35.94,46.48,50.23,49.77,2.76,92167000,96,40.124683,-77.022049,32,1901
483,4,HUNTSVILLE,TN,37756,AT-WORK,41.67,59.74,27.71,50.41,49.59,2.21,32451000,88,36.41445,-84.475538,5,936
485,1,BOWLING GREEN,KY,42101,AT-WORK,44.08,42.43,25.14,54.19,45.81,1.85,30645000,91,36.996012,-86.429654,3,528
487,1,KANSAS CITY,KS,66160,THIRD PARTY (NON-CONSUMER),34.47,51.93,33.04,50.67,49.33,2.67,50149000,90,39.055726,-94.611824,3,475
488,1,MARIETTA,OH,45750,AT-WORK,47.81,43.39,32.23,56.79,43.21,1.98,62627000,91,39.45537,-81.437839,45,2536
490,1,KNOXVILLE,TN,37920,AT-WORK,39.11,37.79,42.4,48.24,51.76,2.31,49408000,93,35.955952,-83.915558,3,562
492,4,JACKSONVILLE,FL,32207,AT-WORK,34.41,56.52,30.7,47.89,52.11,2.71,51287000,95,30.280604,-81.604406,3,633
498,1,SILVER SPRING,MD,20904,AT-WORK,65.36,23.2,35.85,61.74,38.26,1.64,60707000,91,39.056813,-76.951118,1300,88306
501,1,DULUTH,MN,55805,THIRD PARTY (NON-CONSUMER),29.69,35.82,40.87,49.94,50.06,2.09,20950000,84,46.793805,-92.095729,25,3345
510,1,JACKSON,MS,39204,THIRD PARTY (NON-CONSUMER),28.96,55.69,29.68,56.34,43.66,2.54,28302000,100,32.286969,-90.255695,850,38435
515,1,HARLINGEN,TX,78550,THIRD PARTY (NON-CONSUMER),35.83,23.43,52.14,55.68,44.32,2.59,52917000,93,26.166581,-97.681173,7,1278
517,1,DULUTH,MN,55805,THIRD PARTY (NON-CONSUMER),28.61,44.79,25.68,50.57,49.43,2.16,31710000,96,46.799979,-92.083715,4,471
521,1,SAN ANTONIO,TX,78229,AT-WORK,42.54,41.83,52.17,56.47,43.53,1.86,40045000,88,29.494013,-98.585557,13,804
522,1,OCONOMOWOC,IL,53066,THIRD PARTY (NON-CONSUMER),40,42.16,28.6,51.06,48.94,2.29,97956000,86,43.100129,-88.486611,920,128139
526,1,MOUNT PLEASANT,MI,48858,EATING & DRINKING,42.69,22.16,37.12,53.44,46.56,2.11,65364000,88,43.61377,-84.74698,12,876
529,1,SYRACUSE,NY,13205,AT-WORK,61.28,30.31,41.5,55.39,44.61,1.21,23686000,96,43.009006,-76.133864,2400,201471
547,1,CITRUS HEIGHTS,CA,95610,THIRD PARTY (NON-CONSUMER),45.12,27.01,65.76,53.86,46.14,2.16,59856000,100,38.667296,-121.275012,250,19075
552,1,ROCHESTER,MN,55901,THIRD PARTY (NON-CONSUMER),66.97,45.98,0,59.41,40.59,1.27,65850000,95,44.02534,-92.466123,360,7682
554,1,ONEONTA,NY,13820,THIRD PARTY (NON-CONSUMER),40.56,46.58,37.95,54.13,45.87,2.42,66230000,91,42.449999,-74.996156,17,1045
559,1,LOS LUNAS,NM,87031,EATING & DRINKING,39.24,34.4,36.67,52,48,2.54,60093000,70,34.808077,-106.734105,5,619
561,1,GIBSONIA,PA,15044,EATING & DRINKING,47.05,31.18,50.78,54.46,45.54,2.28,87403000,76,40.653882,-79.959162,18,2563
563,1,MCALLEN,TX,78501,AT-WORK,39.14,22.96,47.96,52.36,47.64,2.65,107091000,98,26.185289,-98.208931,101,6249
568,1,ROBINSON,IL,62454,THIRD PARTY (NON-CONSUMER),40.41,49.86,33.66,46.39,53.61,2.31,58180000,77,39.014571,-87.747222,17,2561
575,1,LANCASTER,OH,43130,AT-WORK,46.21,42.15,38.12,53.58,46.42,2.48,100289000,78,39.726469,-82.654601,70,4070
585,1,LAS VEGAS,NV,89128,THIRD PARTY (NON-CONSUMER),29.11,59.85,29.15,52.11,47.89,2.34,38053000,85,36.21088,-115.249397,3,708
588,1,POULSBO,WA,98370,THIRD PARTY (NON-CONSUMER),44.2,26.25,31.08,59.43,40.57,2.08,49690000,93,47.73876,-122.65962,100,6593
591,1,DAYTON,OH,45459,THIRD PARTY (NON-CONSUMER),55.62,17.04,54.69,57.36,42.64,2.04,89083000,79,39.650872,-84.161322,15,1073
595,1,CANANDAIGUA,NY,14424,AT-WORK,41.67,37.84,36.5,51.18,48.82,2.3,71073000,92,42.876616,-77.285513,65,3997
601,1,SHREVEPORT,LA,71103,AT-WORK,36.57,58.38,28.28,52.81,47.19,2.73,28109000,100,32.481154,-93.757656,250,35144
603,1,HARLINGEN,TX,78550,THIRD PARTY (NON-CONSUMER),33.95,45.19,35.68,52.73,47.27,3.24,34371000,99,26.189913,-97.685524,29,5297
636,1,ORLANDO,FL,32806,AT-WORK,39.49,18.82,53.95,53.6,46.4,2.1,177903000,98,28.525651,-81.376162,40,4635
641,1,DAYTON,OH,45449,AT-WORK,32.56,49.86,31.91,53.18,46.82,1.96,41681000,91,39.65021,-84.241687,100,5636
648,1,VERNON HILLS,IL,60061,THIRD PARTY (NON-CONSUMER),41.96,22.44,42.99,54.73,45.27,1.92,91994000,95,42.24277,-87.946305,4,530
656,1,PHOENIX,AZ,85006,OTHER SHOPPING & SERVICES,36.76,37.48,30.23,48.49,51.51,2.04,65976000,91,33.465684,-112.062231,20,3227
660,1,PITTSBURGH,PA,15213,EATING & DRINKING,31.52,51.41,28.83,46.01,53.99,1.7,37306000,78,40.454352,-79.94443,6,1103
665,1,SYRACUSE,NY,13205,AT-WORK,30.06,64.84,34.66,51.24,48.76,3.54,17917000,85,43.032653,-76.147332,150,9517
668,1,DESTIN,FL,32550,THIRD PARTY (NON-CONSUMER),43.76,13.75,79.81,53.13,46.88,2.21,108323000,96,30.37861,-86.306738,500,85770
673,1,ONEONTA,NY,13820,THIRD PARTY (NON-CONSUMER),36.14,40.49,31.82,53.05,46.95,2.2,55463000,86,42.45288,-75.085454,90,5710
674,1,DAYTON,OH,45459,AT-WORK,53.14,19.94,51.81,55.94,44.06,2.18,92199000,96,39.637824,-84.185856,107,4800
677,1,MEADVILLE,PA,16335,THIRD PARTY (NON-CONSUMER),38.9,57.89,36.34,53.3,46.7,1.9,39351000,97,41.637064,-80.145483,35,2079
679,1,SHEPHERD,MI,48883,THIRD PARTY (NON-CONSUMER),37.08,52.8,29.6,50.08,49.92,2.79,69413000,80,43.523854,-84.814697,9,1278
692,1,RAPID CITY,SD,57702,TRAVEL/TRANSPORTATION/HOSPITALITY,52.83,28.42,22.22,55.41,44.59,1.9,61688000,89,44.04861,-103.263548,26,1391
703,1,ASHEVILLE,NC,28801,OTHER SHOPPING & SERVICES,44.55,28.58,39.5,56.4,43.6,1.86,68329000,88,35.57779,-82.548227,3,501
705,4,MCALLEN,TX,78501,AT-WORK,30.16,31.63,51.31,50.84,49.16,3.02,40639000,92,26.2331,-98.240791,3,548
722,1,SAN ANTONIO,TX,78229,AT-WORK,31.54,26.47,42.81,52.77,47.23,1.57,40488000,100,29.513957,-98.590658,25,4566
724,1,BROOKLYN,NY,11235,EATING & DRINKING,39.78,47.75,37.93,57.2,42.8,2.04,65489000,85,40.581986,-73.96,20,2869
726,1,PITTSBURGH,PA,15213,THIRD PARTY (NON-CONSUMER),23.97,38.41,34.6,54.73,45.27,2.3,27999000,81,40.440272,-79.957444,3,526
735,1,SILVER SPRING,MD,20904,AT-WORK,41.52,40.05,29.62,51.06,48.94,3.09,126362000,97,39.046978,-76.992349,60,4075
738,1,PLANO,TX,75074,AT-WORK,31.21,51.09,36.43,47.86,52.14,2.87,56509000,73,32.529115,-92.6396,5,684
740,1,OKLAHOMA CITY,OK,73104,AT-WORK,26.55,43.24,32.95,60.77,39.23,1.59,51553000,93,35.46001,-97.518327,3,513
745,1,WINTERS,TX,79567,AT-WORK,39.84,66.2,27.87,50.17,49.83,2.44,45970000,88,31.959146,-99.959037,40,1280
746,1,SHREVEPORT,LA,71103,AT-WORK,34.62,52.34,33.18,54.52,45.48,2.67,29574000,94,32.484235,-93.77734,3,519
750,1,DAYTON,OH,45459,OTHER SHOPPING & SERVICES,40.95,34.29,46.5,53.49,46.51,2.04,63914000,87,39.642406,-84.16245,17,958
763,1,JAMAICA,NY,11432,AT-WORK,50.45,35.66,46.02,58.98,41.02,3.55,69479000,98,40.71447,-73.80188,325,8416
768,1,SHREVEPORT,LA,71103,AT-WORK,34.62,52.34,33.18,54.52,45.48,2.67,29574000,94,32.484165,-93.778042,3,519
773,1,SAN ANTONIO,TX,78229,AT-WORK,45.98,22.41,45.44,46.41,53.59,1.56,45403000,85,29.50319,-98.580798,3,548
776,4,HOUSTON,TX,77008,AT-WORK,40.33,31.89,46.76,51.12,48.88,1.99,105558000,91,29.794202,-95.449932,7,1278
784,4,MCALLEN,TX,78501,AT-WORK,39.61,22.2,68.05,53.15,46.85,2.99,69613000,91,26.23712,-98.205055,3,548
785,1,HARLINGEN,TX,78550,AT-WORK,47.16,45.1,33.23,56.05,43.95,2.14,46371000,88,26.172329,-97.669778,95,3200
788,1,POWAY,CA,92064,AT-WORK,48.58,16.39,47.92,54.36,45.64,2.38,96202000,88,32.997136,-117.055791,800,146302
791,1,LEXINGTON,KY,40502,EATING & DRINKING,43.81,10.07,50.19,51.58,48.42,1.69,92676000,81,38.03901,-84.489671,3,528
795,1,HUNTSVILLE,TN,37756,THIRD PARTY (NON-CONSUMER),39.76,66.2,21.86,51.46,48.54,2.51,33097000,83,36.33727,-84.38602,4,749
802,1,DRAPER,UT,84020,THIRD PARTY (NON-CONSUMER),29.62,21.51,52.47,47.5,52.5,2.64,61892000,95,40.528763,-111.869173,3,541
808,1,MARIETTA,OH,45750,THIRD PARTY (NON-CONSUMER),44.98,33.24,44.59,54.56,45.44,1.98,44185000,93,39.42274,-81.451612,3,499
811,4,SHREVEPORT,LA,71103,AT-WORK,31.86,69.87,67.44,54.76,45.24,2.77,20395000,95,32.47614,-93.780096,3,519
812,1,UPLAND,CA,91786,EATING & DRINKING,33.72,17.34,68.05,53.2,46.8,2.68,61183000,87,34.103117,-117.670616,4,644
813,1,CENTERVILLE,OH,45459,THIRD PARTY (NON-CONSUMER),37.47,35.99,43.78,51.07,48.93,2.16,54608000,93,39.625581,-84.159515,8,1331
815,1,FORT MYERS,FL,33908,EATING & DRINKING,77.34,0,100,63.55,36.45,1.47,72429000,92,26.506598,-81.989857,60,4294
826,1,NEW ALBANY,OH,43054,THIRD PARTY (NON-CONSUMER),30.31,21.1,54.43,52.43,47.57,2.66,131217000,70,40.089343,-82.825486,5,657
829,4,BETHLEHEM,PA,18017,AT-WORK,42.37,15.81,52.49,52.73,47.27,2.53,107371000,81,40.668737,-75.380163,8,1471
833,4,BETHLEHEM,PA,18017,AT-WORK,62.34,31.17,44.72,61.98,38.02,1.33,29932000,94,40.646795,-75.407489,3,526
834,4,BETHLEHEM,PA,18017,THIRD PARTY (NON-CONSUMER),42.37,15.81,52.49,52.73,47.27,2.53,107371000,81,40.6642,-75.390813,12,713
835,4,BETHLEHEM,PA,18017,AT-WORK,42.37,15.81,52.49,52.73,47.27,2.53,107371000,97,40.671868,-75.38151,20,1622
838,1,BETHLEHEM,PA,18017,THIRD PARTY (NON-CONSUMER),62.34,31.17,44.72,61.98,38.02,1.33,29932000,86,40.644637,-75.407893,10,867
839,4,BETHLEHEM,PA,18017,THIRD PARTY (NON-CONSUMER),42.37,15.81,52.49,52.73,47.27,2.53,107371000,77,40.669209,-75.383126,15,1301
250,4,BOWLING GREEN,KY,42101,AT-WORK,44.08,42.43,25.14,54.19,45.81,1.85,30645000,85,36.99546,-86.431619,3,528
256,4,RAPID CITY,SD,57702,AT-WORK,35.97,45.9,39.39,52.92,47.08,2.39,47405000,96,44.086242,-103.273436,12,962
260,1,BOWLING GREEN,KY,42101,AT-WORK,32.95,49.14,32.48,50.41,49.59,2.48,42324000,97,36.98606,-86.430859,16,2016
261,1,VACAVILLE,CA,95687,AT-WORK,38.36,41.31,26.48,54,46,2.54,92764000,86,38.355835,-121.952153,500,91438
264,4,BOWLING GREEN,KY,42101,THIRD PARTY (NON-CONSUMER),32.95,49.14,32.48,50.41,49.59,2.48,42324000,88,36.957389,-86.485343,28,3900
266,1,GLASGOW,KY,42141,AT-WORK,42.89,38.49,44,52.41,47.59,2.24,47119000,78,37.010838,-85.903418,3,528
268,1,GLASGOW,KY,42141,AT-WORK,34.46,54.2,32.11,54.31,45.69,2.48,35042000,88,36.994665,-85.93266,100,6159
273,4,GLASGOW,KY,42141,AT-WORK,33.37,74.58,33.05,50.49,49.51,2.5,30723000,96,36.991137,-85.931773,38,6698
274,1,BOWLING GREEN,KY,42101,EDUCATIONAL,19.67,51.94,29.03,55.66,44.34,2.39,28669000,91,36.989026,-86.452669,3,528
280,1,CITRUS HEIGHTS,CA,95610,AT-WORK,28.8,34.73,53.74,52.22,47.78,2.02,40425000,73,38.664658,-121.262312,7,1246
282,1,SAN ANTONIO,TX,78238,THIRD PARTY (NON-CONSUMER),37.17,35.26,49.01,52.49,47.51,2.19,51805000,94,29.48031,-98.627453,27,1670
284,1,GREENVILLE,PA,16125,THIRD PARTY (NON-CONSUMER),55.58,63.6,21.32,57.48,42.52,2.03,50156000,96,41.426917,-80.392343,345,7680
296,1,MOUNT PLEASANT,MI,48858,AT-WORK,41.32,55.41,36.8,50.72,49.28,2.2,50803000,96,43.612628,-84.728258,8,1028
302,1,MOBILE,AL,36607,AT-WORK,37.57,43.48,37.08,53.51,46.49,2.15,64958000,100,30.691434,-88.085448,45,7999
303,1,FAYETTEVILLE,NC,28304,AT-WORK,41.96,41.29,39.68,53.17,46.83,2.26,40862000,81,35.033158,-78.935705,11,1491
304,1,JEFFERSON CITY,MO,65101,AT-WORK,34.35,47.17,22.76,51.24,48.76,2.11,39691000,98,38.556857,-92.192012,25,2329
308,1,SAN LUIS OBISPO,CA,93401,AT-WORK,44.28,33.88,47.1,52.09,47.91,1.89,59918000,97,35.250723,-120.670535,150,35425
309,1,DU BOIS,PA,15801,AT-WORK,50.36,61.27,29.97,53.84,46.16,2.29,52814000,88,41.127996,-78.78464,300,22639
315,1,OKLAHOMA CITY,OK,73149,AT-WORK,33.61,62.5,27.78,49.68,50.32,2.72,30464000,96,35.394637,-97.49396,15,2085
317,1,PLANO,TX,75074,AT-WORK,31.21,51.09,36.43,47.86,52.14,2.87,56509000,94,33.008194,-96.704035,15,2224
334,1,DRAPER,UT,84020,AT-WORK,37.78,0,0,12.84,87.16,0,110149000,91,40.490557,-111.901344,3,541
339,1,JEFFERSON CITY,MO,65101,OTHER SHOPPING & SERVICES,38.15,23.09,42.72,49.78,50.22,2.56,73257000,95,38.553694,-92.150762,3,509
341,1,WEST VALLEY CITY,UT,84120,ENTERTAINMENT/RECREATION/LEISURE,28.59,67.24,25.41,48.94,51.06,3.9,44573000,91,40.69727,-111.99034,3,541
346,1,WEST VALLEY CITY,UT,84120,AT-WORK,32.44,39.39,39.59,49.56,50.44,3.48,67422000,97,40.680907,-111.979213,33,3266
357,1,FORT MYERS,FL,33908,AT-WORK,47.08,31.16,36.47,51.91,48.09,1.91,98158000,93,26.521822,-81.877139,25,2896
370,1,ARLINGTON,TX,76018,AT-WORK,31.33,36.58,44.98,51.59,48.41,3.12,72563000,96,32.679184,-97.098826,35,6393
373,1,BUFFALO,WY,82834,AT-WORK,41.69,40.53,35.19,50.1,49.9,2.27,76783000,86,44.349594,-106.705091,175,10087
379,1,LAREDO,TX,78041,AT-WORK,38.54,22.97,54.5,51.46,48.54,3.11,125861000,94,27.56835,-99.473569,3,548
391,1,JACKSON,MS,39204,AT-WORK,25.84,57.2,27.13,57.23,42.77,3.01,33509000,94,32.283939,-90.227633,8,1439
392,1,JEFFERSON CITY,MO,65101,AT-WORK,34.35,47.17,22.76,51.24,48.76,2.11,39691000,100,38.56133,-92.187946,75,12744
394,1,MOUNT PLEASANT,MI,48858,AT-WORK,23.45,42.33,40.51,55.37,44.63,2.46,16054000,92,43.580648,-84.767437,35,6595
399,1,SAN ANTONIO,TX,78201,AT-WORK,42.59,34.21,30.3,56.32,43.68,2.1,47047000,86,29.46732,-98.529158,125,9821
408,1,WINTERS,TX,79567,AT-WORK,47.01,42.51,28.13,47.21,52.79,2.24,55682000,88,31.97352,-100.069121,65,9639
420,1,LOS ANGELES,CA,90024,THIRD PARTY (NON-CONSUMER),31.21,9.06,41,53,47,1.62,90491000,93,34.063449,-118.447355,3,675
422,1,ROBINSON,IL,62454,AT-WORK,38.01,46.41,35.38,20.98,79.02,2.44,54637000,94,39.008121,-87.684704,12,1261
426,1,OKLAHOMA CITY,OK,73104,THIRD PARTY (NON-CONSUMER),26.55,43.24,32.95,60.77,39.23,1.59,51553000,91,35.48027,-97.499847,3,513
428,1,CHARLOTTE,NC,28269,THIRD PARTY (NON-CONSUMER),36.04,18.38,57.92,51.06,48.94,2.74,83064000,96,35.36367,-80.786028,35,1979
430,1,WEST LAFAYETTE,IN,47906,THIRD PARTY (NON-CONSUMER),46.94,13.4,40.2,53.13,46.88,2.44,131522000,88,40.459471,-86.894325,75,10708
434,1,GARY,IN,46408,THIRD PARTY (NON-CONSUMER),35.32,50.63,31.65,53.66,46.34,3.05,39679000,81,41.5384,-87.338345,15,1304
438,1,COOPERSTOWN,NY,13326,THIRD PARTY (NON-CONSUMER),52.42,37.28,48.61,61.14,38.86,1.93,51672000,88,42.695987,-74.923303,7,1031
446,1,LIVONIA,MI,48152,EATING & DRINKING,51.74,22.69,37.51,55.87,44.13,1.87,75426000,83,42.411072,-83.42857,30,1884
447,1,ROCHESTER,NY,14612,EATING & DRINKING,53.58,23.6,25.8,53.49,46.51,1.92,56661000,88,43.262121,-77.614768,330,20937
452,1,MANKATO,MN,56001,AT-WORK,42.42,45.67,36.1,53.83,46.17,2.16,36753000,91,44.186702,-94.009782,110,8968
459,1,SAN ANTONIO,TX,78229,THIRD PARTY (NON-CONSUMER),36.7,16.51,45.24,49.39,50.61,1.79,51298000,67,29.499612,-98.57666,11,1631
467,1,GREAT BEND,KS,67530,THIRD PARTY (NON-CONSUMER),40.32,40.44,40.68,54.52,45.48,2.14,42215000,93,38.363757,-98.810796,20,1074
468,1,DAVISON,MI,48423,THIRD PARTY (NON-CONSUMER),37.99,39.34,32.51,53.44,46.56,2.42,56097000,96,43.025297,-83.50931,15,913
470,1,BOWLING GREEN,KY,42101,AT-WORK,33.71,29.9,34.15,49.01,50.99,2.03,37141000,91,36.988626,-86.438288,7,1233
476,1,UPLAND,CA,91786,THIRD PARTY (NON-CONSUMER),36.43,71.6,28.4,55.97,44.03,2.74,52906000,95,34.097391,-117.65549,40,1280
481,1,SMYRNA,GA,30082,THIRD PARTY (NON-CONSUMER),44.19,10.68,58.2,56.38,43.62,2.35,101557000,93,33.8563,-84.515447,200,5120
489,1,PITTSBURGH,PA,15213,AT-WORK,26.4,52.44,23.17,58.47,41.53,2.82,38365000,93,40.439991,-79.960566,3,526
493,1,FORT MYERS,FL,33908,AT-WORK,43.11,50.09,35.39,54.26,45.74,2.47,53829000,83,26.503969,-81.919048,200,14768
500,1,KANSAS CITY,KS,66160,THIRD PARTY (NON-CONSUMER),34.47,51.93,33.04,50.67,49.33,2.67,50149000,81,39.055726,-94.611824,3,475
508,1,MISSOURI CITY,TX,77489,THIRD PARTY (NON-CONSUMER),35.58,33.27,33.86,54.89,45.11,2.87,60975000,95,29.583368,-95.529417,20,3182
511,1,SAN ANTONIO,TX,78229,THIRD PARTY (NON-CONSUMER),45.98,22.41,45.44,46.41,53.59,1.56,45403000,81,29.51051,-98.572582,3,548
523,1,LIMA,OH,45804,THIRD PARTY (NON-CONSUMER),39.41,60.22,23.25,53.75,46.25,2.25,31434000,86,40.73557,-84.087635,3,499
525,1,SILVER SPRING,MD,20904,AT-WORK,41.67,26.8,67.32,51.53,48.47,3.14,139645000,80,39.076668,-76.969303,5,792
534,1,MCALLEN,TX,78501,EATING & DRINKING,39.91,67.29,39.54,52.26,47.74,2.21,16505000,94,26.198403,-98.230396,3,548
535,1,MEMPHIS,TN,38111,THIRD PARTY (NON-CONSUMER),48.56,32.87,42.8,56.84,43.16,1.82,86958000,95,35.13681,-89.944943,200,6600
540,1,BRADENTON,FL,34209,THIRD PARTY (NON-CONSUMER),70.42,31.8,55.09,63.06,36.94,1.5,55164000,83,27.482539,-82.626218,6,429
542,1,LANCASTER,OH,43130,TRAVEL/TRANSPORTATION/HOSPITALITY,47.46,27.82,41.9,53.27,46.73,2.26,81047000,91,39.74391,-82.58431,30,1690
543,1,HOUSTON,TX,77003,EATING & DRINKING,37.38,10.24,25.59,53.44,46.56,1.86,131760000,91,29.714235,-95.397145,3,548
548,1,TOWSON,MD,21286,THIRD PARTY (NON-CONSUMER),41.5,21.67,58.89,53.84,46.16,2.18,83426000,85,39.401084,-76.593648,8,1604
553,1,FORT WALTON BEACH,FL,32548,TRAVEL/TRANSPORTATION/HOSPITALITY,42.11,38.97,47.89,50.58,49.42,2.42,59392000,78,30.426406,-86.635382,100,7384
557,1,KISSIMMEE,FL,34744,AT-WORK,38.37,46.11,38.78,41.09,58.91,2.46,37827000,98,28.301325,-81.399811,12,1172
569,1,HOUSTON,TX,77008,AT-WORK,42.73,38.31,43.33,50.55,49.45,1.77,78718000,80,29.811404,-95.43217,100,6383
582,1,PHOENIX,AZ,85006,AT-WORK,34.7,78.36,26.39,46.62,53.38,2.49,24886000,100,33.465674,-112.058792,3800,629829
589,1,GIG HARBOR,WA,98335,AT-WORK,41.6,38.74,40.64,54.48,45.52,2.16,53611000,78,47.31067,-122.578953,3,583
594,1,BATAVIA,OH,45103,THIRD PARTY (NON-CONSUMER),41.18,17.55,55.95,47.22,52.78,2.56,115601000,95,39.078119,-84.143497,22,3661
596,1,TINLEY PARK,IL,60477,THIRD PARTY (NON-CONSUMER),34.91,23.1,49.95,51.15,48.85,3.04,105570000,86,41.553769,-87.797102,65,4215
612,1,MARION,IL,62959,AT-WORK,48.77,25.44,43.71,52.81,47.19,2.05,84350000,97,37.744839,-88.984047,600,90388
614,1,OLDSMAR,FL,34677,THIRD PARTY (NON-CONSUMER),33.64,29.18,47.96,52.64,47.36,2.83,75534000,100,28.042107,-82.670433,130,3200
621,1,FORT WAYNE,IN,46845,AT-WORK,35.05,20.72,51.14,50,50,3.03,81782000,88,41.18094,-85.101941,4000,556016
634,1,BRADENTON,FL,34209,EATING & DRINKING,70.42,31.8,55.09,63.06,36.94,1.5,55164000,95,27.48337,-82.62476,750,24000
637,1,WYNNE,AR,72396,AT-WORK,38,49.23,44.8,50.17,49.83,2.64,52706000,88,35.221115,-90.787349,154,20578
638,1,WYNNE,AR,72396,AT-WORK,38,49.23,44.8,50.17,49.83,2.64,52706000,90,35.216739,-90.781299,100,5575
647,1,VACAVILLE,CA,95687,THIRD PARTY (NON-CONSUMER),42.61,0,0,0.2,99.8,0,85337000,90,38.327,-121.970498,3,675
653,1,PITTSBURGH,PA,15232,THIRD PARTY (NON-CONSUMER),36.82,11.39,41.04,54.26,45.74,1.51,75182000,75,40.454508,-79.941468,14,1994
667,1,DOYLESTOWN,PA,18901,AT-WORK,40.39,22.66,43.65,51.78,48.22,2.24,118903000,93,40.305398,-75.146465,3,526
678,1,JAMAICA,NY,11432,AT-WORK,38.67,34.45,48.78,51.32,48.68,3.21,90372000,86,40.717359,-73.80361,2000,294789
680,1,JEFFERSON CITY,MO,65101,AT-WORK,34.27,73.86,22.57,55.47,44.53,2.28,42610000,72,38.565524,-92.182172,18,2483
681,1,LIMA,OH,45804,AT-WORK,42.59,54.43,41.64,48.4,51.6,2.42,47932000,95,40.697354,-84.08818,100,9125
682,1,KISSIMMEE,FL,34744,AT-WORK,37.2,64.39,29.86,52.77,47.23,2.41,41687000,100,28.316463,-81.40574,430,73762
690,1,PHOENIX,AZ,85006,THIRD PARTY (NON-CONSUMER),36.76,37.48,30.23,48.49,51.51,2.04,65976000,100,33.466309,-112.059099,65,7277
691,1,FORT MYERS,FL,33908,ENTERTAINMENT/RECREATION/LEISURE,47.08,31.16,36.47,51.91,48.09,1.91,98158000,94,26.524072,-81.875888,3,633
695,1,ASHVILLE,NC,28801,AT-WORK,44.55,28.58,39.5,56.4,43.6,1.86,68329000,93,35.57711,-82.547751,3,501
704,1,ATHENS,OH,45701,AT-WORK,39.42,10.31,30.39,50.8,49.2,2.26,80285000,81,39.304279,-82.100517,5,445
707,1,MOBILE,AL,36607,GROCERY SHOPPING,34,62.95,26.37,60.89,39.11,2.37,24133000,91,30.697952,-88.13189,10,602
716,1,FT BRAGG,NC,28304,AT-WORK,35.37,36.54,42.93,53.04,46.96,2.5,55642000,94,35.13357,-78.999746,3,501
725,1,SAN LUIS OBISPO,CA,93405,AT-WORK,23.46,38.37,36.3,42.96,57.04,2.57,23567000,96,35.29097,-120.665282,500,112633
731,1,KANSAS CITY,KS,66160,THIRD PARTY (NON-CONSUMER),34.47,51.93,33.04,50.67,49.33,2.67,50149000,91,39.05572,-94.611824,3,475
736,1,TROY,MI,48085,EATING & DRINKING,42.52,21.13,42.26,51.4,48.6,2.57,103653000,86,42.563931,-83.137371,8,1438
743,1,PHOENIX,AZ,85006,EATING & DRINKING,34.7,78.36,26.39,46.62,53.38,2.49,24886000,91,33.46385,-112.065005,3,612
744,1,LAREDO,TX,78041,THIRD PARTY (NON-CONSUMER),33.09,34.84,52.92,52.32,47.68,3.31,45651000,98,27.533168,-99.478074,1500,222451
747,1,CINCINNATI,OH,45219,THIRD PARTY (NON-CONSUMER),40.17,70.39,37.6,51.66,48.34,1.89,18692000,97,39.132055,-84.498875,75,12480
749,1,BETHLEHEM,PA,18017,THIRD PARTY (NON-CONSUMER),62.34,31.17,44.72,61.98,38.02,1.33,29932000,95,40.644637,-75.407893,2000,350909
754,1,SAN ANTONIO,TX,78201,THIRD PARTY (NON-CONSUMER),38.05,59.44,40.56,53.92,46.08,2.52,40728000,94,29.48699,-98.539586,3,548
767,1,WASHINGTON,PA,15301,AT-WORK,38.63,55,26.67,50.26,49.74,2.41,60348000,88,40.185479,-80.284713,63,3862
769,1,LEXINGTON,KY,40502,THIRD PARTY (NON-CONSUMER),32.67,61.25,21.65,48.6,51.4,2,40055000,100,38.022412,-84.473075,200,28619
777,1,SHREVEPORT,LA,71103,THIRD PARTY (NON-CONSUMER),37.21,43.45,36.65,52.47,47.53,2.44,58294000,85,32.4829,-93.778922,30,2234
780,1,FAYETTEVILLE,NC,28304,OTHER SHOPPING & SERVICES,43.22,23.19,36.46,60.33,39.67,1.89,44295000,84,35.04102,-78.922952,15,1979
781,1,FAYETTEVILLE,NC,28304,OTHER SHOPPING & SERVICES,43.22,23.19,36.46,60.33,39.67,1.89,44295000,83,35.037871,-78.9177,5,659
783,1,CHARLESTON,SC,29403,OTHER SHOPPING & SERVICES,29.15,35.95,38.65,53.9,46.1,1.91,44045000,83,32.784689,-79.946263,30,4647
792,1,FORT WORTH,TX,76119,AT-WORK,32.13,78.64,19.74,31.61,68.39,3.35,24655000,93,32.672842,-97.297862,20,3182
798,1,SAN ANTONIO,TX,78229,EATING & DRINKING,31.54,26.47,42.81,52.77,47.23,1.57,40488000,70,29.51038,-98.587715,5,721
803,1,MCALLEN,TX,78501,AT-WORK,38.8,63.64,34.55,55.12,44.88,3.14,29177000,99,26.20465,-98.211489,25,4566
805,4,SHREVEPORT,LA,71103,AT-WORK,34.62,52.34,33.18,54.52,45.48,2.67,29574000,86,32.48109,-93.778777,10,1731
807,4,LAREDO,TX,78041,AT-WORK,33.41,44.17,37.57,54.46,45.54,3.52,39038000,86,27.536406,-99.477067,3,548
820,1,SHAKER HTS,OH,44118,EDUCATIONAL,36.51,4.27,55.69,51.53,48.47,2.89,221859000,86,41.486555,-81.525715,150,12346
822,4,CLEVELAND HTS,OH,44118,AT-WORK,44.54,33.8,40.25,55.81,44.19,2.03,69127000,91,41.522135,-81.554804,10,563
823,4,CLEVELAND HTS,OH,44118,THIRD PARTY (NON-CONSUMER),37.76,38.73,41.62,54.47,45.53,2.61,58615000,78,41.506339,-81.556991,5,657
844,1,HAMBURG,NY,14075,THIRD PARTY (NON-CONSUMER),52.54,49.13,37.72,58.04,41.96,2.08,54289000,88,42.760246,-78.832259,300,19034
